<?xml version="1.0" encoding="UTF-8" standalone="yes"?>
<addon id="plugin.video.tools" name="Tools" version="6.9" provider-name="Michaz">
    <requires>
        <import addon="script.module.requests"/>
        <import addon="script.module.routing"/>
        <import addon="pvr.iptvsimple"/>
    </requires>
    <extension point="xbmc.python.pluginsource" library="lib/main.py">
        <provides>video</provides>
    </extension>
    <extension point="xbmc.service" library="lib/service.py" start="login">
        <provides>service</provides>
    </extension>
    <extension point="xbmc.addon.metadata">
        <assets>
            <icon>icon.png</icon>
        </assets>
    </extension>
</addon>