<?xml version="1.0" encoding="UTF-8" standalone="yes"?>
<addon id="repository.michaz" name="Michaz Repository" provider-name="Michaz" version="2.1.0">
  <extension point="xbmc.addon.repository" name="Michaz Repository">
    <dir>
      <info compressed="false">https://raw.githubusercontent.com/michaz1988/repo/master/addons.xml</info>
      <checksum>https://raw.githubusercontent.com/michaz1988/repo/master/addons.xml.md5</checksum>
      <datadir zip="true">https://raw.githubusercontent.com/michaz1988/repo/master/</datadir>
    </dir>
  </extension>
  <extension point="xbmc.addon.metadata">
    <platform>all</platform>
    <description lang="en">Addons by Michaz</description>
    <license></license>
    <language></language>
    <website></website>
    <news></news>
    <assets>
      <icon>icon.png</icon>
    </assets> 
  </extension>
</addon>